stock_code,end_date,operating_revenue,net_profit,net_cashflow_oper_act
000526.SZ,20200331,599945206.26,-16077923.83,102532631.28
000526.SZ,20200630,1296399320.42,43716842.65,113637609.75
000526.SZ,20200930,1935434041.6,29751703.81,316703810.43
000526.SZ,20201231,2429882904.4,42776621.02,167297920.54
000526.SZ,20210331,691802386.62,4673439.18,333303914.06
000526.SZ,20210630,1581968399.49,109161799.85,84376130.86
000526.SZ,20210930,2152156646.44,42328834.97,164723084.58
000526.SZ,20211231,2529427415.97,-538809588.08,-86974234.34
000526.SZ,20220331,496580248.49,1314810.46,139014286.97
000526.SZ,20220630,1056772014.23,46336639.51,5804546.44
000526.SZ,20220930,1466968543.5,6247851.71,282757824.36
000526.SZ,20221231,1797614433.02,11031791.52,216428943.51
000526.SZ,20230331,518718890.42,4605417.06,343737227.19
000526.SZ,20230630,1251543738.87,87380590.57,235342287.43
000526.SZ,20230930,1793359810.99,114313174.44,659588307.55
000526.SZ,20231231,2212636261.51,152300990.74,607394990.81
000526.SZ,20240331,705295542.82,50744325.45,444448938.95
000526.SZ,20240630,1619913883.04,161548951.55,224569069.06
000526.SZ,20240930,2246816944.46,172934731.12,690351682.61
000526.SZ,20241231,2785797297.92,176243865.93,666747270.19
000526.SZ,20250331,863682650.93,73464935.69,468579638.55
000526.SZ,20250630,1915877874.38,229583575.16,179562410.92
000526.SZ,20250930,2612951311.05,226623263.87,761781138.02
000676.SZ,20200331,3581941959.85,-135700368.22,-48053780.41
000676.SZ,20200630,5956866746.93,-114027424.62,-41440083.17
000676.SZ,20200930,8860012112.97,-159806688.52,-113902211.71
000676.SZ,20201231,10716328383.04,-2958397599.0,-221105114.81
000676.SZ,20210331,1857166484.8,62620525.67,-56093106.1
000676.SZ,20210630,3461502093.27,84319852.84,-106011135.08
000676.SZ,20210930,4767139532.8,139677895.82,-27426454.87
000676.SZ,20211231,5682085939.37,129350055.81,181437903.95
000676.SZ,20220331,818587305.12,44600844.24,84420881.37
000676.SZ,20220630,1535730420.61,97670296.07,293535517.42
000676.SZ,20220930,2295586590.28,133251805.42,715602588.94
000676.SZ,20221231,2658319572.79,-352296928.07,785966745.92
000676.SZ,20230331,648676953.18,64880285.36,-60783518.15
000676.SZ,20230630,1253284213.09,123455113.61,-365804436.88
000676.SZ,20230930,2080139914.51,222554082.07,-335442829.64
000676.SZ,20231231,2885970678.4,403891903.41,-259391131.57
000676.SZ,20240331,730067463.61,77734317.72,167498767.51
000676.SZ,20240630,1426940625.16,144720026.03,163533979.84
000676.SZ,20240930,2299835930.19,218653958.97,-51079014.07
000676.SZ,20241231,3307051678.25,287258200.9,17748143.31
000676.SZ,20250331,1084622712.35,58637697.34,-175393715.1
000676.SZ,20250630,2114257026.46,107124233.01,-186923593.98
000676.SZ,20250930,3032344662.46,153557873.53,-128205237.65
000835.SZ,20200331,788439.15,-10932232.06,-2471386.55
000835.SZ,20200630,6848815.67,-41140804.82,655345.71
000835.SZ,20200930,8566354.05,-119665072.3,-3453030.34
000835.SZ,20201231,5599862.14,-203212413.13,-3502655.06
000835.SZ,20210331,581551.64,-36013016.14,539048.89
000835.SZ,20210630,1210414.24,-84839176.63,-495281.18
000835.SZ,20210930,1210414.24,-126664866.69,-722822.84
000835.SZ,20211231,2371228.74,-453906776.19,175255.1
000835.SZ,20220331,44255.68,-34041011.59,-1595566.78
002103.SZ,20200331,363881718.37,-14571171.94,-5173245.02
002103.SZ,20200630,1087137810.92,-12790542.34,-68985535.48
002103.SZ,20200930,1721347670.49,7884029.56,-47342668.67
002103.SZ,20201231,2593237594.84,-236638588.87,7649544.96
002103.SZ,20210331,637634976.4,7714032.6,-84790212.4
002103.SZ,20210630,1433371773.36,14795208.04,-49038127.65
002103.SZ,20210930,2131354866.26,23158946.84,-75482494.9
002103.SZ,20211231,2843138822.46,18114971.89,38763901.51
002103.SZ,20220331,419634167.24,-14974209.29,-52510260.16
002103.SZ,20220630,996349268.22,7910984.86,15361862.82
002103.SZ,20220930,1595469213.28,20556541.87,75218314.84
002103.SZ,20221231,2486410822.61,-37479622.97,254791441.27
002103.SZ,20230331,479391018.78,35349606.06,-71134183.69
002103.SZ,20230630,1169292232.82,60996110.31,69246416.74
002103.SZ,20230930,1783848601.56,118677393.01,137138724.39
002103.SZ,20231231,2690383724.99,169029968.23,459517351.4
002103.SZ,20240331,439878194.92,22797174.45,-114172303.83
002103.SZ,20240630,1144056454.5,73082246.4,-27662955.24
002103.SZ,20240930,1758024349.55,105454101.83,25969392.73
002103.SZ,20241231,2778018241.23,152297981.42,216543118.68
002103.SZ,20250331,484375944.22,29910266.91,-118108964.81
002103.SZ,20250630,1171280703.28,76134102.1,-68750121.2
002103.SZ,20250930,1838748112.84,125252855.81,75308873.2
002113.SZ,20200331,142999554.15,28699532.72,-47680717.71
002113.SZ,20200630,282859025.45,33272052.86,-54516912.52
002113.SZ,20200930,480345566.8,408897499.41,-22635329.32
002113.SZ,20201231,631363883.66,277984810.08,21410435.53
002113.SZ,20210331,122019620.63,18282296.84,-44797544.39
002113.SZ,20210630,225703551.92,24915398.15,129593165.51
002113.SZ,20210930,339878581.12,89096804.83,151106956.91
002113.SZ,20211231,435438476.11,-323088775.91,49431194.41
002113.SZ,20220331,70018248.41,-17614853.39,-4728508.43
002113.SZ,20220630,135397767.72,-41390640.5,-12517445.43
002113.SZ,20220930,192154958.46,-58953110.54,-52287906.56
002113.SZ,20221231,242021964.4,-230213457.18,-58190583.93
002113.SZ,20230331,47748068.03,-17231618.74,-26609420.73
002123.SZ,20200331,627112517.92,33853261.29,-106539406.19
002123.SZ,20200630,1207031556.76,29594651.33,75000991.17
002123.SZ,20200930,1899068664.6,44357301.38,170874656.18
002123.SZ,20201231,2735645260.03,102398358.99,397096504.86
002123.SZ,20210331,623709229.04,46398110.45,-181357857.04
002123.SZ,20210630,1386582532.44,86857997.94,-241758024.82
002123.SZ,20210930,1938808147.35,81948356.95,-245302400.21
002123.SZ,20211231,3175249438.44,-243880973.83,-681524914.59
002123.SZ,20220331,692797884.24,-41439374.01,175718461.76
002123.SZ,20220630,1661927236.65,294000.4,-102390164.16
002123.SZ,20220930,2481627974.08,9878135.57,104747816.2
002123.SZ,20221231,4157441578.69,-741986260.28,47488229.27
002123.SZ,20230331,1035238617.77,10329300.65,86206443.24
002123.SZ,20230630,2364359277.38,41523069.99,-91991244.31
002123.SZ,20230930,3330094685.89,5142392.79,284913040.21
002123.SZ,20231231,5234382404.78,-1828160026.24,-398932859.9
002123.SZ,20240331,1100146071.66,10744903.51,540062830.26
002123.SZ,20240630,2327942845.92,14152396.33,634709322.88
002123.SZ,20240930,3304847615.83,37697797.81,849705987.65
002123.SZ,20241231,4403674123.09,42308759.08,502871945.58
002123.SZ,20250331,720752598.98,11093273.07,53904821.76
002123.SZ,20250630,1539003472.56,22558905.86,187311946.92
002123.SZ,20250930,2066469456.92,-46806165.83,238393092.15
002148.SZ,20200331,44501160.21,3441263.06,-896888.31
002148.SZ,20200630,85211842.51,6270824.69,-5051293.04
002148.SZ,20200930,126230039.09,10526599.43,1678701.8
002148.SZ,20201231,161708183.09,12842019.56,7555741.22
002148.SZ,20210331,47809643.88,6768786.72,15871541.46
002148.SZ,20210630,109983849.91,39687722.84,22372714.57
002148.SZ,20210930,173215452.03,52640167.68,24645101.22
002148.SZ,20211231,218308406.59,59243857.63,31892636.86
002148.SZ,20220331,54402697.55,6421194.37,11715336.15
002148.SZ,20220630,117737036.69,14456333.3,36136813.47
002148.SZ,20220930,178984970.78,17072934.72,42906490.31
002148.SZ,20221231,233937198.65,16910389.08,44810381.2
002148.SZ,20230331,64492750.06,1395932.2,15528690.2
002148.SZ,20230630,128211733.25,9232074.81,30898343.02
002148.SZ,20230930,193465153.64,14230158.88,30986580.49
002148.SZ,20231231,265297137.72,24889947.1,42833772.7
002148.SZ,20240331,64699523.82,2563670.13,9626455.31
002148.SZ,20240630,132068062.5,11395446.81,11911925.26
002148.SZ,20240930,205908189.11,15023566.02,1957021.64
002148.SZ,20241231,281620937.36,27739986.3,-6907696.94
002148.SZ,20250331,93305143.36,-9182507.09,-16157443.24
002148.SZ,20250630,194485433.19,-5236721.12,-7036188.84
002148.SZ,20250930,289115521.46,-1863611.66,-17765959.84
002168.SZ,20200331,334529594.43,41314712.7,137766940.05
002168.SZ,20200630,513448852.43,52544148.92,139535344.45
002168.SZ,20200930,676226792.62,47478028.76,168863979.66
002168.SZ,20201231,785008872.15,-193146968.57,126934949.45
002168.SZ,20210331,73955049.26,-35324015.92,277625793.25
002168.SZ,20210630,154415599.45,-76997195.71,174285547.32
002168.SZ,20210930,237002660.35,-146351057.9,163101811.41
002168.SZ,20211231,329906421.16,-253288253.13,207763903.54
002168.SZ,20220331,41827011.99,-29901189.62,9719264.24
002168.SZ,20220630,129068519.93,-53133497.09,-16713522.99
002168.SZ,20220930,162005169.85,-88628013.99,60536064.63
002168.SZ,20221231,244407891.05,-121363005.43,19015462.32
002168.SZ,20230331,45465569.6,-18521431.52,-26992450.11
002168.SZ,20230630,99430695.97,-49865642.57,-45232984.34
002168.SZ,20230930,139601282.59,-49788248.45,-30369541.48
002168.SZ,20231231,254162324.5,1955723.32,28553324.99
002168.SZ,20240331,31244678.22,-38631124.2,-15189843.61
002168.SZ,20240630,111298587.0,-70535763.76,-50502770.43
002168.SZ,20240930,147181487.5,-84621133.38,-96556103.81
002168.SZ,20241231,197235872.29,-152178780.97,-118745761.37
002168.SZ,20250331,60760002.19,-14278413.0,7397522.36
002168.SZ,20250630,179792680.55,-25271887.94,51188378.54
002168.SZ,20250930,284255362.94,-29564631.77,27699626.97
002174.SZ,20200331,1211340610.44,363056318.27,463839559.31
002174.SZ,20200630,2516786165.63,496055405.88,546869184.81
002174.SZ,20200930,3724203806.99,561559627.46,682153791.51
002174.SZ,20201231,4703137714.04,-186935590.14,832588812.01
002174.SZ,20210331,944203173.81,187265402.45,340917000.63
002174.SZ,20210630,1767111827.83,262424793.75,143605589.71
002174.SZ,20210930,2514343384.37,353777806.16,208158762.46
002174.SZ,20211231,3204382806.5,165455866.58,326517508.94
002174.SZ,20220331,544703006.24,79935819.71,142040562.76
002174.SZ,20220630,1023753826.62,70937563.05,141019724.38
002174.SZ,20220930,1461517525.65,74024020.46,194077113.61
002174.SZ,20221231,1980551943.26,-629934022.11,157516762.71
002174.SZ,20230331,473871237.13,42849758.55,-91421569.35
002174.SZ,20230630,845439392.18,-52042556.92,-326719926.62
002174.SZ,20230930,1178779080.29,10443702.55,-374731948.66
002174.SZ,20231231,1625398795.18,91365240.54,-230212394.78
002174.SZ,20240331,334992747.75,17186242.41,8523994.93
002174.SZ,20240630,701582459.06,4618115.53,143292680.79
002174.SZ,20240930,996872110.38,5198372.04,84081972.34
002174.SZ,20241231,1434365440.99,-385989348.66,36460602.28
002174.SZ,20250331,359404100.79,24702408.68,-18037146.59
002174.SZ,20250630,688045938.53,50152948.12,-90440742.17
002174.SZ,20250930,1018755172.76,76344117.55,-53679737.22
002247.SZ,20200331,133463918.89,-22731568.33,-87499366.09
002247.SZ,20200630,386282676.88,140127579.6,-1198286.5
002247.SZ,20200930,703744539.92,164699406.08,38064114.37
002247.SZ,20201231,997359077.88,165092405.29,202966174.95
002247.SZ,20210331,239933718.3,13610808.87,-73589911.06
002247.SZ,20210630,563308413.26,50496180.65,-36799909.14
002247.SZ,20210930,870246488.05,67216739.95,-23149403.09
002247.SZ,20211231,1164108036.36,80664982.1,88763888.43
002247.SZ,20220331,226138678.57,249218.12,-88196820.48
002247.SZ,20220630,473268539.14,22153622.76,-36411318.5
002247.SZ,20220930,709557160.58,43889187.61,-10380763.51
002247.SZ,20221231,934858356.53,52873576.96,76688588.11
002247.SZ,20230331,175913689.67,1729700.57,-39745872.87
002247.SZ,20230630,435671352.97,-353355309.23,-36261398.31
002247.SZ,20230930,690348146.08,-342664119.44,-6246394.59
002247.SZ,20231231,946685133.09,-335699336.37,90044295.94
002247.SZ,20240331,188381734.51,-7069801.12,-73675957.62
002247.SZ,20240630,415355987.91,221147056.17,-41097005.88
002247.SZ,20240930,628417928.47,219484911.07,-21637531.44
002247.SZ,20241231,839599128.26,216525147.43,66919134.77
002247.SZ,20250331,157142985.01,3949084.54,-40644728.39
002247.SZ,20250630,364574110.66,22671382.75,-12219123.54
002247.SZ,20250930,587912018.71,40983598.62,1753327.77
002261.SZ,20200331,305227693.82,23836755.39,-156609812.49
002261.SZ,20200630,603488684.55,35097314.88,-224368061.96
002261.SZ,20200930,955391389.34,63747267.79,-63466805.73
002261.SZ,20201231,1488585181.69,45691745.87,84477534.93
002261.SZ,20210331,397270870.66,25424368.21,-172313170.42
002261.SZ,20210630,890177687.04,60196801.46,-145161843.97
002261.SZ,20210930,1302199542.29,85262779.04,-199305243.62
002261.SZ,20211231,2230300619.33,99041126.45,167888953.2
002261.SZ,20220331,487835861.17,42721956.98,-172827652.93
002261.SZ,20220630,934472268.74,90505051.19,-66161537.78
002261.SZ,20220930,1599963327.82,113667947.65,-102416270.36
002261.SZ,20221231,2236661509.11,-1008649214.95,-313785272.49
002261.SZ,20230331,696215270.03,46396795.04,-196813448.29
002261.SZ,20230630,1073141637.79,57009278.96,-569258774.03
002261.SZ,20230930,1872678252.39,67971314.58,-506894681.23
002261.SZ,20231231,3154141699.1,47693045.54,-1169883405.68
002261.SZ,20240331,812565157.58,3558090.12,-287290964.28
002261.SZ,20240630,1728459765.6,124946.05,-356452003.07
002261.SZ,20240930,2944950911.46,2967083.51,193136021.16
002261.SZ,20241231,4107170805.05,-112022910.8,774576602.32
002261.SZ,20250331,623017322.04,62804961.57,49664939.28
002261.SZ,20250630,1306403506.02,70864693.0,293467428.02
002261.SZ,20250930,2078364714.93,91622011.22,775818355.3
002354.SZ,20200331,216102902.03,-60866189.44,-16032861.68
002354.SZ,20200630,479069302.84,-164555304.21,52873542.98
002354.SZ,20200930,752282245.7,-174243146.74,82064992.32
002354.SZ,20201231,996266630.37,172011306.08,93931407.74
002354.SZ,20210331,282524821.27,23482464.34,-72036159.76
002354.SZ,20210630,625046381.91,53234895.9,-93629442.14
002354.SZ,20210930,1168341695.67,41930625.93,-128108222.61
002354.SZ,20211231,1764077431.8,57239196.37,-52224878.23
002354.SZ,20220331,497482786.98,17259709.78,-73175592.77
002354.SZ,20220630,851513886.07,350484.31,-95277836.57
002354.SZ,20220930,1310467856.68,-2287720.58,-105840283.31
002354.SZ,20221231,1742659319.93,-261555420.97,-126378925.07
002354.SZ,20230331,474136065.04,14744548.73,19657653.38
002354.SZ,20230630,1001858349.1,17961337.14,52688726.69
002354.SZ,20230930,1356778752.64,28901198.08,82268484.92
002354.SZ,20231231,1761374461.71,-1069573629.84,-1086288.58
002354.SZ,20240331,369821532.83,19774657.5,-35347280.07
002354.SZ,20240630,761727708.33,-104161.89,-20140315.37
002354.SZ,20240930,1200332105.98,458280.23,-19251940.08
002354.SZ,20241231,1578575276.42,-109840872.54,-72396691.54
002354.SZ,20250331,485004145.06,4712341.26,-715875.87
002354.SZ,20250630,987505268.62,28334768.74,88023060.68
002354.SZ,20250930,1508466388.58,47905334.19,78497589.38
002425.SZ,20200331,177024139.75,81371536.17,-5257508.9
002425.SZ,20200630,305322271.07,117525347.87,94436590.36
002425.SZ,20200930,444224716.14,150503448.92,171646449.46
002425.SZ,20201231,589813575.1,124410951.95,348474804.04
002425.SZ,20210331,287285166.91,149557808.88,39060221.91
002425.SZ,20210630,470007858.9,212723503.04,186245151.52
002425.SZ,20210930,692503525.54,242570595.1,194434992.05
002425.SZ,20211231,932832501.86,66016365.89,300931960.3
002425.SZ,20220331,190033952.09,13613394.95,-218619.72
002425.SZ,20220630,366450692.57,-54857285.64,48375584.37
002425.SZ,20220930,516117727.58,-83870876.35,55653208.36
002425.SZ,20221231,621264570.71,-772189660.09,107724353.95
002425.SZ,20230331,85747592.75,-25804420.63,9390209.96
002425.SZ,20230630,178483500.69,-102891230.92,20838270.75
002425.SZ,20230930,268629481.61,-139445108.0,-5408503.86
002425.SZ,20231231,430851760.14,-868898123.84,-25504596.26
002425.SZ,20240331,149437193.02,2964550.67,-895716.31
002425.SZ,20240630,238974100.48,-53200941.69,2603988.94
002425.SZ,20240930,326760695.2,-103737131.5,-24858183.24
002425.SZ,20241231,454038172.81,-542946476.24,-7528465.72
002425.SZ,20250331,178951189.24,2286634.44,32502341.03
002425.SZ,20250630,273317514.42,-61819114.61,3074430.21
002425.SZ,20250930,420281131.58,-118023148.81,-14742451.69
002447.SZ,20200331,7574515.08,-3048575.01,-8728594.77
002447.SZ,20200630,12628174.07,-7882631.25,-5825586.18
002447.SZ,20200930,44054634.7,-2611103.13,-11133699.44
002447.SZ,20201231,105263440.13,-51654091.34,-15789556.73
002447.SZ,20210331,43030086.49,1621607.16,-1332913.7
002447.SZ,20210630,87844475.39,-9343667.56,-773605.21
002447.SZ,20210930,119088988.37,-24737965.12,-4585203.21
002447.SZ,20211231,153314208.08,-90414320.95,-516956.16
002447.SZ,20220331,15287692.94,-13611333.67,1097043.93
002502.SZ,20200331,202372324.29,22940572.82,122506536.42
002502.SZ,20200630,270877630.18,25657333.95,197123847.99
002502.SZ,20200930,338801868.0,27014580.5,169523148.94
002502.SZ,20201231,444625128.24,40680753.72,160919705.9
002502.SZ,20210331,115247903.6,-3955314.15,-113692492.31
002502.SZ,20210630,225946458.58,3422621.76,-146971308.56
002502.SZ,20210930,385398186.59,-13800305.61,-202115734.75
002502.SZ,20211231,653868929.95,17398162.28,-106434739.6
002502.SZ,20220331,83899855.16,-37105892.25,-64373049.38
002502.SZ,20220630,186391176.94,-96800102.48,-103262989.03
002502.SZ,20220930,239318329.29,-112541191.84,-92601253.17
002502.SZ,20221231,357992172.4,-264658927.85,-77567009.91
002502.SZ,20230331,101084923.03,-9800656.98,-3210943.94
002502.SZ,20230630,195603379.37,70990493.42,-16433140.06
002502.SZ,20230930,392714374.01,71644763.01,13005940.74
002502.SZ,20231231,611337785.88,10202452.84,16991813.58
002502.SZ,20240331,148604603.03,-2762079.11,5339116.5
002502.SZ,20240630,272185965.76,-9733773.68,22674337.58
002517.SZ,20200331,423036194.75,47896856.08,138515980.84
002517.SZ,20200630,811797902.32,65442570.7,195531489.83
002517.SZ,20200930,1121166799.19,199504031.3,144995445.9
002517.SZ,20201231,1543189304.38,242567844.79,101360406.92
002517.SZ,20210331,447916839.1,201236807.88,83531731.73
002517.SZ,20210630,987572692.56,369628035.14,124990363.95
002517.SZ,20210930,1649988113.71,682674193.77,187957560.49
002517.SZ,20211231,2375303585.09,844435793.7,500681781.03
002517.SZ,20220331,1029010035.63,352039791.34,356551692.16
002517.SZ,20220630,2009629831.0,811891214.43,883267456.21
002517.SZ,20220930,2825312548.81,1173963541.98,1221744429.99
002517.SZ,20221231,3725534470.42,1361330492.22,1483021275.1
002517.SZ,20230331,954871461.79,366230242.07,381004359.2
002517.SZ,20230630,1976414506.72,843870421.55,565978370.66
002517.SZ,20230930,3029474131.19,1204682828.05,1255056127.3
002517.SZ,20231231,4295390346.58,1580612795.82,1706441025.06
002517.SZ,20240331,1307535557.4,426130633.29,333789114.84
002517.SZ,20240630,2555157356.09,809043944.0,923495179.12
002517.SZ,20240930,3927588266.4,1280286442.72,1232790320.89
002517.SZ,20241231,5118192932.04,1627575293.28,1753813218.18
002517.SZ,20250331,1352807839.06,517893257.3,390679993.81
002517.SZ,20250630,2578013164.35,949375200.1,736254057.36
002517.SZ,20250930,4075034147.51,1583318071.24,1317139633.09
002558.SZ,20200331,692490363.4,321540151.25,213435264.05
002558.SZ,20200630,1222817260.3,533615188.9,425277499.23
002558.SZ,20200930,1724432910.02,850420302.83,669503526.91
002558.SZ,20201231,2217294341.42,1040758275.34,963316008.45
002558.SZ,20210331,566854107.89,319523805.78,97935640.77
002558.SZ,20210630,1035858568.95,570772900.07,157594762.2
002558.SZ,20210930,1542177237.75,869447966.7,356390973.67
002558.SZ,20211231,2124268636.73,989539055.91,637938977.44
002558.SZ,20220331,580401269.89,265903016.23,108148799.83
002558.SZ,20220630,1063888971.28,490532825.34,361013149.4
002558.SZ,20220930,1572502745.46,764637423.57,559130105.09
002558.SZ,20221231,2037707421.34,833851530.1,736854360.96
002558.SZ,20230331,507540726.58,246124876.09,145934734.74
002558.SZ,20230630,1443488091.21,665932359.81,537007444.03
002558.SZ,20230930,2267254807.49,1089071567.56,800469819.95
002558.SZ,20231231,2924173672.43,1091815121.01,1125072143.78
002558.SZ,20240331,696402216.01,354249561.82,266305471.33
002558.SZ,20240630,1427137420.29,720432274.28,464988577.23
002558.SZ,20240930,2218411601.5,1076717176.39,734918882.14
002558.SZ,20241231,2922846402.21,1430947587.71,1034206211.93
002558.SZ,20250331,723814403.15,345720701.43,217568723.5
002558.SZ,20250630,1662199977.45,785596896.36,742762741.45
002558.SZ,20250930,3368421677.17,1430892154.27,1851250272.84
002619.SZ,20200331,93695949.28,62316824.38,-44231340.08
002619.SZ,20200630,157299977.15,35981024.62,-25130925.73
002619.SZ,20200930,203152269.23,31684035.84,-57506085.84
002619.SZ,20201231,181897280.41,-1250169515.45,-294982439.25
002619.SZ,20210331,18826459.97,-23128607.63,153072148.14
002619.SZ,20210630,35867146.57,-45280031.46,922094238.12
002619.SZ,20210930,44915506.6,-78826675.87,840810419.04
002624.SZ,20200331,2574485375.2,608405256.02,571016149.37
002624.SZ,20200630,5143629319.8,1255972366.63,2128407512.59
002624.SZ,20200930,8062057413.26,1779039675.07,2859520130.53
002624.SZ,20201231,10224767171.31,1504287486.34,3692549364.59
002624.SZ,20210331,2230955314.4,452680118.25,39079365.54
002624.SZ,20210630,4206582889.92,185187618.43,325664415.64
002624.SZ,20210930,6739494487.57,740311020.79,506876141.39
002624.SZ,20211231,8517998133.61,177362555.72,1097681874.57
002624.SZ,20220331,2128318062.69,830900921.38,87342428.39
002624.SZ,20220630,3923301537.63,1131742948.29,418055671.71
002624.SZ,20220930,5711440652.45,1435623186.7,688325137.87
002624.SZ,20221231,7670402228.08,1399589204.69,1155208642.79
002624.SZ,20230331,1903728618.64,233093686.04,-154513914.86
002624.SZ,20230630,4459955324.56,384716878.33,320405917.06
002624.SZ,20230930,6195583795.08,633988934.93,611154987.05
002624.SZ,20231231,7790717277.28,582595567.48,761820285.9
002624.SZ,20240331,1329062879.22,38218190.88,-354612700.79
002624.SZ,20240630,2759914394.43,-122219319.0,-155527712.5
002624.SZ,20240930,4072771652.39,-399968017.96,-105389255.04
002624.SZ,20241231,5570490164.67,-1400096630.81,576532621.16
002624.SZ,20250331,2023057481.26,310782592.38,199823910.63
002624.SZ,20250630,3690992631.88,507299924.25,502214625.9
002624.SZ,20250930,5416741316.09,653842124.59,888897107.01
300031.SZ,20200331,639740699.14,134129574.03,41498963.81
300031.SZ,20200630,1313062370.75,241859273.93,188564983.62
300031.SZ,20200930,1951909829.1,323726126.47,277909001.88
300031.SZ,20201231,2637922427.09,441013188.21,277767132.94
300031.SZ,20210331,732676394.49,111327905.26,-12019713.31
300031.SZ,20210630,1334492406.92,254493457.92,83542211.33
300031.SZ,20210930,1972063190.37,339788492.79,138004255.19
300031.SZ,20211231,2759779257.02,383387100.84,152358092.55
300031.SZ,20220331,662174594.8,72923273.06,-16511709.86
300031.SZ,20220630,1525578358.48,35663282.83,-44269812.51
300031.SZ,20220930,2387923013.77,37294990.28,-96251471.02
300031.SZ,20221231,3259223237.01,-468633688.68,12132497.48
300031.SZ,20230331,755240200.37,104752428.83,-2259286.38
300031.SZ,20230630,1545293880.26,151398034.48,106745959.54
300031.SZ,20230930,2417888779.48,136085893.91,103125608.16
300031.SZ,20231231,3655403159.38,110999056.31,430750196.2
300031.SZ,20240331,839461597.57,111507129.07,160119367.13
300031.SZ,20240630,1715550300.37,219827412.89,152439189.36
300031.SZ,20240930,2447807855.88,276704822.23,285092045.84
300031.SZ,20241231,3302022944.78,253913785.67,308761303.77
300031.SZ,20250331,758725719.48,58064758.65,83072447.08
300031.SZ,20250630,1607108948.28,148685696.59,181887945.23
300031.SZ,20250930,2456947661.62,220750091.36,214790602.89
300043.SZ,20200331,397039388.13,13021855.79,98998713.81
300043.SZ,20200630,847186385.77,-44450890.6,264361382.98
300043.SZ,20200930,1343890780.93,26750730.94,405801351.56
300043.SZ,20201231,1742854011.17,26020601.85,651538788.84
300043.SZ,20210331,279781232.6,-78995741.0,-38159305.77
300043.SZ,20210630,529784060.14,-198443080.31,-38294980.31
300043.SZ,20210930,952041268.33,-250807095.23,-104887050.55
300043.SZ,20211231,1406891138.77,-664137856.65,100008315.94
300043.SZ,20220331,369310262.88,-9651417.3,46689049.05
300043.SZ,20220630,777296747.82,-13842365.73,140161892.27
300043.SZ,20220930,1299903318.24,-49698369.79,123035825.68
300043.SZ,20221231,1605936337.27,-311133971.86,200617564.46
300043.SZ,20230331,321494068.02,-41556664.52,39384950.93
300043.SZ,20230630,715130684.65,-77281188.63,115155545.84
300043.SZ,20230930,1465936119.12,57466196.01,175461616.28
300043.SZ,20231231,1732809122.13,27587148.63,212026013.49
300043.SZ,20240331,302205055.92,-96976556.58,9488571.61
300043.SZ,20240630,614913872.78,-179216579.68,44637854.52
300043.SZ,20240930,1033846098.31,-231513811.78,113475646.0
300043.SZ,20241231,1360400333.58,-458770520.22,160694167.93
300043.SZ,20250331,414409569.31,-47693456.48,104548914.76
300043.SZ,20250630,1135031541.25,155463360.45,374052800.69
300043.SZ,20250930,1726836067.21,268501323.43,408266801.22
300148.SZ,20200331,170393620.05,11078489.55,-34432037.56
300148.SZ,20200630,377815321.86,38383388.19,-10514779.45
300148.SZ,20200930,554592198.93,25557516.0,8698681.63
300148.SZ,20201231,847680612.1,-923590705.27,136564308.08
300148.SZ,20210331,108061464.31,20021022.15,-7817102.37
300148.SZ,20210630,265294369.79,42711289.86,-27809348.39
300148.SZ,20210930,351056316.14,33309186.51,-16882416.43
300148.SZ,20211231,505470902.13,-692864905.99,140497622.42
300148.SZ,20220331,73448026.76,-6365662.59,-85359543.14
300148.SZ,20220630,274722262.01,22332403.31,-4418277.96
300148.SZ,20220930,354629426.39,17500479.69,26601746.7
300148.SZ,20221231,605838110.06,-304507936.1,110967186.87
300148.SZ,20230331,52528330.75,-4563576.41,-48319805.77
300148.SZ,20230630,192067680.11,1597503.12,-3002799.63
300148.SZ,20230930,243307578.3,-17292679.94,-19268581.17
300148.SZ,20231231,447886635.37,-53960092.72,71991379.93
300148.SZ,20240331,48934354.37,-4487180.74,-78266823.95
300148.SZ,20240630,206669097.81,17741408.1,-107179456.71
300148.SZ,20240930,241774161.46,16547102.32,-85104525.34
300148.SZ,20241231,460890509.01,29512842.17,-38168993.29
300148.SZ,20250331,74596640.29,22236684.28,-5138728.9
300148.SZ,20250630,248517276.86,53218609.95,22614815.62
300148.SZ,20250930,291632714.03,53874834.03,9290583.34
300315.SZ,20200331,409045957.44,93064671.57,21090830.5
300315.SZ,20200630,926304763.83,441487028.31,232190924.68
300315.SZ,20200930,1366394682.76,482128162.18,281325951.43
300315.SZ,20201231,1789193899.97,312423541.08,479689020.95
300315.SZ,20210331,353244085.32,82812458.1,-80536493.84
300315.SZ,20210630,819241355.75,187069486.9,11458547.27
300315.SZ,20210930,1179610513.12,244867254.1,106762836.11
300315.SZ,20211231,1472214784.03,-1244511637.55,150617238.09
300315.SZ,20220331,329037333.38,31701778.23,-45620560.55
300315.SZ,20220630,648134436.69,87344578.54,-57073602.27
300315.SZ,20220930,946602844.64,145999262.03,43609398.55
300315.SZ,20221231,1212934668.42,96171626.7,138930123.38
300315.SZ,20230331,245831843.11,79145679.08,26365290.81
300315.SZ,20230630,458375001.53,155031926.26,90197930.38
300315.SZ,20230930,704713040.79,175442385.21,79515645.39
300315.SZ,20231231,981768022.71,186928517.38,54280270.61
300315.SZ,20240331,255671629.12,55769708.52,-6447086.91
300315.SZ,20240630,467623638.57,138853898.7,47459592.38
300315.SZ,20240930,650613667.8,195961711.07,76823234.39
300315.SZ,20241231,818734236.76,110891006.55,92232538.75
300315.SZ,20250331,162047473.55,27861064.09,-49658599.47
300315.SZ,20250630,358007707.92,47787269.44,-25873510.12
300315.SZ,20250930,534251971.13,76561220.36,-6455324.21
300359.SZ,20200331,93747698.85,2352976.8,-82886560.19
300359.SZ,20200630,244762158.04,12912143.03,-64095578.77
300359.SZ,20200930,386907651.6,38827318.25,-7403622.39
300359.SZ,20201231,724008308.26,88477102.73,203199849.56
300359.SZ,20210331,109136219.43,9409320.37,-13600316.27
300359.SZ,20210630,275679623.2,6397256.73,-53144366.71
300359.SZ,20210930,442184473.08,18730635.51,-33259649.13
300359.SZ,20211231,717598985.95,23111692.13,123014521.26
300359.SZ,20220331,103995268.65,1656151.02,-56897573.04
300359.SZ,20220630,244954016.2,7449923.6,-65181888.17
300359.SZ,20220930,413358985.01,77565298.89,-59471748.45
300359.SZ,20221231,604863069.18,19583184.02,49363974.69
300359.SZ,20230331,104562512.46,-2564928.89,-52552074.02
300359.SZ,20230630,292288417.51,13177618.57,-82321679.92
300359.SZ,20230930,412462199.86,8495216.58,-108279485.88
300359.SZ,20231231,643827030.35,22973965.74,-10739346.36
300359.SZ,20240331,75608313.83,-3608188.46,-57387576.91
300359.SZ,20240630,196409522.09,-11694209.23,-56191704.86
300359.SZ,20240930,285424385.91,-40960360.0,-91734169.77
300359.SZ,20241231,442576685.23,-108378944.6,-47868624.35
300359.SZ,20250331,54489350.58,-21859167.46,-41285155.9
300359.SZ,20250630,124564063.43,-34249892.3,-44749430.09
300359.SZ,20250930,206504557.27,-59712575.26,-48070123.06
300418.SZ,20200331,1309783794.21,423357691.0,379031689.43
300418.SZ,20200630,2531126488.82,3634695603.92,489096018.14
300418.SZ,20200930,3584171474.44,4890644332.13,511761607.2
300418.SZ,20201231,4629822235.08,5644502933.57,722592564.65
300418.SZ,20210331,1093678832.06,324006673.34,127541545.77
300418.SZ,20210630,2301490419.15,1161951805.16,309354110.06
300418.SZ,20210930,3567114639.88,2494474599.53,616695146.22
300418.SZ,20211231,4849950685.86,1480998050.06,1173299077.65
300418.SZ,20220331,1192815082.0,371409943.08,315006190.39
300418.SZ,20220630,2249202968.9,650363062.62,410836979.19
300418.SZ,20220930,3398628901.24,828066030.6,566846173.01
300418.SZ,20221231,4735992652.99,1233965560.87,830830850.4
300418.SZ,20230331,1217208465.68,259914570.24,205711410.0
300418.SZ,20230630,2425229544.83,440570820.44,533113423.95
300418.SZ,20230930,3681179543.46,438883231.03,756169035.57
300418.SZ,20231231,4915237179.48,1532983793.51,884641185.32
300418.SZ,20240331,1207545098.58,-205432496.75,106750886.48
300418.SZ,20240630,2501811162.32,-500116423.01,189088081.19
300418.SZ,20240930,3828401326.3,-891624168.16,319294755.96
300418.SZ,20241231,5662496707.12,-1947039941.96,289629629.26
300418.SZ,20250331,1763865850.09,-929375861.35,-2971296.61
300418.SZ,20250630,3733337555.52,-1147654343.21,-560457758.99
300418.SZ,20250930,5804993562.57,-1086469655.02,-734480869.42
300459.SZ,20200331,469050105.9,217877445.76,458442525.68
300459.SZ,20200630,940308551.53,500298655.38,499110741.0
300459.SZ,20200930,1238188323.69,620226906.53,663201140.18
300459.SZ,20201231,1807222572.12,751584716.81,1075838684.38
300459.SZ,20210331,494864838.15,228367176.19,280885811.15
300459.SZ,20210630,917070903.47,412408380.87,525180245.54
300459.SZ,20210930,1402053180.02,600474266.26,713374990.98
300459.SZ,20211231,1941450203.88,708026546.05,1134682072.33
300459.SZ,20220331,464402219.18,182600432.79,182001648.27
300459.SZ,20220630,852549338.11,291037813.95,296709950.87
300459.SZ,20220930,1259347612.3,400188699.38,375516053.25
300459.SZ,20221231,1632896947.85,438772461.25,647691884.81
300459.SZ,20230331,341411332.81,101848827.62,95789668.21
300459.SZ,20230630,688277670.79,186018873.49,216491952.44
300459.SZ,20230930,1027841650.41,199197531.01,284121463.54
300459.SZ,20231231,1347715134.02,-866488782.23,376190166.84
300459.SZ,20240331,297236403.87,61973121.8,59355114.5
300459.SZ,20240630,575839373.89,73131179.26,153672870.67
300459.SZ,20240930,868484360.77,83374507.55,217813203.0
300459.SZ,20241231,1143084913.2,-862884211.82,306178886.96
300459.SZ,20250331,246530362.72,2321983.07,33902539.58
300459.SZ,20250630,462864857.58,-31882329.59,73870591.37
300459.SZ,20250930,696798259.09,-45989981.59,137311215.79
300518.SZ,20200331,40815799.3,55205008.09,14380165.57
300518.SZ,20200630,87968111.07,59531576.27,24662399.19
300518.SZ,20200930,127062676.26,65626464.72,28565092.94
300518.SZ,20201231,203606129.39,166606345.61,116121063.14
300518.SZ,20210331,92587836.42,50888528.17,26136029.49
300518.SZ,20210630,194137288.18,179164771.68,62127169.37
300518.SZ,20210930,326784980.58,276091432.8,128674481.76
300518.SZ,20211231,479831659.49,288386714.67,315438477.74
300518.SZ,20220331,201277341.24,61527212.06,-23226278.32
300518.SZ,20220630,308236779.08,85566012.16,38768077.08
300518.SZ,20220930,403541757.39,84790343.36,161579776.97
300518.SZ,20221231,514948020.12,159502059.8,233730379.12
300518.SZ,20230331,118316052.99,45106450.65,-21294811.49
300518.SZ,20230630,174781469.18,36808578.73,-6210805.52
300518.SZ,20230930,216030449.46,4121914.13,-36508680.41
300518.SZ,20231231,250168474.76,-243862728.42,-51225729.04
300518.SZ,20240331,43385520.53,-67079405.77,-51734427.11
300518.SZ,20240630,60871631.4,-89807378.32,-78837069.71
300518.SZ,20240930,100437556.11,-96210312.12,-95513746.96
300518.SZ,20241231,161272827.35,-331272696.45,-125135862.39
300518.SZ,20250331,50480890.17,-11783118.48,-13990885.6
300518.SZ,20250630,86653095.24,-14789218.04,-24272540.03
300518.SZ,20250930,104218993.36,-31964433.2,-37322082.39
300533.SZ,20200331,106753774.07,38247404.45,22020656.7
300533.SZ,20200630,206017957.35,100511238.85,52791697.16
300533.SZ,20200930,299140760.06,126619549.3,57024558.13
300533.SZ,20201231,386190949.66,96246488.98,61945259.31
300533.SZ,20210331,112280071.3,-12955623.06,-34512596.03
300533.SZ,20210630,218506515.1,8286758.3,-27788489.45
300533.SZ,20210930,317794828.43,7740944.98,138544.23
300533.SZ,20211231,506692551.83,-62464946.08,181657384.2
300533.SZ,20220331,479325794.89,217453924.79,85958072.57
300533.SZ,20220630,820089368.69,298305146.29,261844566.88
300533.SZ,20220930,1251874596.11,74253040.66,438937561.71
300533.SZ,20221231,2046355721.38,91259075.66,450433659.26
300533.SZ,20230331,689684426.85,205142992.67,5503877.89
300533.SZ,20230630,1393810457.65,157562891.23,20599030.34
300533.SZ,20230930,2113638152.6,206533760.88,63960574.98
300533.SZ,20231231,2783332100.45,290151840.84,274460543.45
300533.SZ,20240331,560281693.89,-444225433.56,-128101222.41
300533.SZ,20240630,1205949599.23,-509420384.68,-280645148.29
300533.SZ,20240930,1982819274.82,-455119027.77,-219092334.95
300533.SZ,20241231,2788193013.39,-222676172.09,-159448840.01
300533.SZ,20250331,653547938.29,193642696.3,190999817.8
300533.SZ,20250630,1256691657.76,344304858.91,436234091.64
300533.SZ,20250930,1875949349.99,518761493.09,590400050.09
600226.SH,20200331,147184813.96,20957228.36,-23059046.01
600226.SH,20200630,327045447.57,151011219.76,6025110.78
600226.SH,20200930,467241171.25,191366448.04,34139717.82
600226.SH,20201231,555657472.56,-942901496.45,46536359.47
600226.SH,20210331,154686061.6,107540372.2,106999854.69
600226.SH,20210630,327661966.34,177282000.23,218529837.64
600226.SH,20210930,488512672.79,446202294.92,102178130.34
600226.SH,20211231,681244921.86,375011103.78,105272394.01
600226.SH,20220331,158545781.18,333617734.31,-2931825.92
600226.SH,20220630,312290826.9,396964653.34,-14964185.57
600226.SH,20220930,429776695.62,545278801.7,-34216431.31
600226.SH,20221231,602084675.08,479299659.31,25217062.81
600226.SH,20230331,129246950.88,42065651.0,-24167141.55
600226.SH,20230630,281261753.55,108058443.92,-15832184.45
600226.SH,20230930,439391684.64,159394877.1,-62594368.6
600226.SH,20231231,647937406.85,153247777.25,-76703336.51
600226.SH,20240331,205158748.04,55561447.53,-36150552.46
600226.SH,20240630,561182883.48,101726917.03,-48740431.82
600226.SH,20240930,908204370.68,163641791.74,-62436017.73
600226.SH,20241231,1334617374.05,165553774.28,-31307837.15
600226.SH,20250331,382338896.6,70098005.99,-66707055.07
600226.SH,20250630,818211488.08,126946413.13,-62048771.2
600226.SH,20250930,1261838782.76,188653761.8,8980451.08
600373.SH,20200331,2524843579.42,363571642.18,-163258706.79
600373.SH,20200630,4947681671.36,877478182.16,22412555.84
600373.SH,20200930,7301791473.34,1284605532.65,386939966.24
600373.SH,20201231,10339544970.92,1830124141.36,2770158153.18
600373.SH,20210331,2587915009.87,373597038.27,-503702789.22
600373.SH,20210630,5167778861.28,1178262120.67,461722332.74
600373.SH,20210930,7619606960.95,1712813356.57,236061291.25
600373.SH,20211231,10714557473.8,2050300758.57,1804027448.41
600373.SH,20220331,2591401507.47,392012859.42,5680747.87
600373.SH,20220630,5313204412.01,767290352.7,464036367.27
600373.SH,20220930,7699833520.16,1212478430.97,656314851.09
600373.SH,20221231,10236379917.32,1916546669.84,2083950093.52
600373.SH,20230331,2491320073.73,428268950.76,-759433230.16
600373.SH,20230630,5030408335.63,857107215.53,94545151.3
600373.SH,20230930,7058843688.13,1275848942.12,1076421314.48
600373.SH,20231231,10889856572.34,2162933799.0,1956255181.66
600373.SH,20240331,2272576860.91,277345009.93,-520384078.06
600373.SH,20240630,5473313987.65,682211059.58,385459568.2
600373.SH,20240930,7200604139.6,802866773.16,128148027.15
600373.SH,20241231,9304036681.97,783228215.37,401377347.63
600373.SH,20250331,1697381814.95,173932901.29,-561178516.37
600373.SH,20250630,3527083641.25,305399536.51,-801011143.51
600373.SH,20250930,5289923027.22,434051710.85,-280344846.66
600633.SH,20200331,1036235058.16,241422308.95,169704431.94
600633.SH,20200630,1862405815.39,493783907.73,382043695.93
600633.SH,20200930,2698241883.32,595509021.44,417337239.51
600633.SH,20201231,3538782258.2,709209758.79,1034654851.11
600633.SH,20210331,758904000.52,188041609.09,93111751.68
600633.SH,20210630,1475265468.58,325097204.26,365490944.3
600633.SH,20210930,2239022299.81,529908613.62,616520118.86
600633.SH,20211231,3063942901.8,631298872.55,1024382209.49
600633.SH,20220331,1043400494.66,64782797.24,65102385.6
600633.SH,20220630,2430616330.21,272021191.73,481457409.34
600633.SH,20220930,3934886585.06,395757614.31,649210852.59
600633.SH,20221231,5186365381.43,557859705.92,1029802626.06
600633.SH,20230331,923794183.55,299104869.81,151664109.82
600633.SH,20230630,1689018230.97,661137665.69,339364507.94
600633.SH,20230930,2288092897.62,712676208.31,518010890.0
600633.SH,20231231,3078024010.81,690818677.59,840008362.15
600633.SH,20240331,678240718.47,103735777.41,-237663999.02
600633.SH,20240630,1412645732.06,127528560.63,-95603092.97
600633.SH,20240930,2169072562.55,459667849.27,-182021486.24
600633.SH,20241231,3096732448.72,541632043.96,242951517.13
600633.SH,20250331,706427491.06,148787239.37,8770112.72
600633.SH,20250630,1413986110.66,371455641.11,250994459.3
600633.SH,20250930,2151891560.06,521076754.21,323954222.55
600634.SH,20200331,229602571.73,-340285633.68,-5425039.51
600634.SH,20200630,236571992.42,-1974448810.58,-63759675.52
600634.SH,20200930,237906264.73,-1609259361.14,-64827916.76
600634.SH,20201231,239101716.66,-1880321415.07,-65340301.97
600634.SH,20210331,1033833.24,-195657805.62,-23540.73
600640.SH,20200331,542101948.09,-58370573.15,57322818.0
600640.SH,20200630,1446302588.74,-87708093.02,105097272.09
600640.SH,20200930,2533235182.64,-157835105.22,-120546446.72
600640.SH,20201231,4449226016.35,14542981.2,-80422846.63
600640.SH,20210331,963416311.21,-14995074.19,-35507375.83
600640.SH,20210630,1978351580.12,-113859173.74,69955004.9
600640.SH,20210930,2954539762.9,-198773957.13,89154859.23
600640.SH,20211231,4610932482.31,-354448161.82,73598389.69
600640.SH,20220331,861713537.86,-9709836.68,-15187856.96
600640.SH,20220630,1933513446.55,-24547615.84,8180264.1
600640.SH,20220930,2832648520.13,-103221401.54,-122627040.44
600640.SH,20221231,3510981064.73,-206282693.93,-33033274.92
600640.SH,20230331,480114252.64,24975844.72,192759770.3
600640.SH,20230630,1107636993.92,48969285.8,216181176.69
600640.SH,20230930,1734318016.2,36498702.09,296300965.38
600640.SH,20231231,2384862863.5,12824029.33,445430161.06
600640.SH,20240331,510349073.15,5655314.32,116685226.39
600640.SH,20240630,970627924.1,13155027.86,148493798.44
600640.SH,20240930,1411648085.79,18183083.85,163984805.71
600640.SH,20241231,2138755248.28,19756095.84,594008247.26
600640.SH,20250331,458061521.97,4821918.35,-269909404.06
600640.SH,20250630,875511624.91,13774075.55,-335810060.32
600640.SH,20250930,1292754310.68,21244332.87,-253191278.32
600652.SH,20200331,2243174.59,-12996123.45,-46750268.68
600652.SH,20200630,8437223.05,3954343.65,9245634.81
600652.SH,20200930,9672623.66,-5211021.89,-2129136.15
600652.SH,20201231,12341623.1,-27461900.22,-14522223.43
600652.SH,20210331,5729193.23,-9265232.83,-18773675.61
600652.SH,20210630,6022673.82,-2630488.57,-26520279.05
600652.SH,20210930,8629110.65,-13971994.45,-31924897.13
600652.SH,20211231,15827347.63,-75819857.86,-51045115.09
600652.SH,20220331,3273252.91,-11579772.47,-14218412.26
600892.SH,20200331,59940820.41,24592301.45,-11104934.02
600892.SH,20200630,211038685.35,39310674.33,-6541421.76
600892.SH,20200930,252855406.9,44667826.69,69105240.31
600892.SH,20201231,299192717.32,29207708.7,92190572.14
600892.SH,20210331,50832122.65,5068447.31,3023247.19
600892.SH,20210630,111230543.07,10428006.64,-24527760.97
600892.SH,20210930,158630883.61,-2159042.85,-16086462.79
600892.SH,20211231,214259080.11,-109208962.26,6033915.76
600892.SH,20220331,56099613.63,2472041.1,2758472.82
600892.SH,20220630,117611525.37,8284634.63,3479581.15
600892.SH,20220930,160271960.98,22301352.07,15987979.77
600892.SH,20221231,208127698.95,26016834.85,25855780.54
600892.SH,20230331,43868833.9,-789629.72,-5873117.62
600892.SH,20230630,107963738.73,-2239208.72,-33663055.04
600892.SH,20230930,164511509.98,2599294.92,-40001856.68
600892.SH,20231231,227391615.99,-29299145.81,-55786207.24
600892.SH,20240331,40592181.93,-8013135.78,-336478.66
600892.SH,20240630,78193878.61,-14806884.02,-18368447.97
600892.SH,20240930,115041612.64,-14965538.66,-34312722.01
600892.SH,20241231,166823826.64,-71804514.26,-94542380.85
600892.SH,20250331,55890050.68,-12378795.05,-32712234.99
600892.SH,20250630,108778620.36,-39625573.36,-74411505.58
600892.SH,20250930,202339364.5,-82727216.4,-182799389.97
603258.SH,20200331,242610533.3,103321152.07,145073877.88
603258.SH,20200630,474839742.97,215980985.91,274362440.58
603258.SH,20200930,736593567.13,317387727.97,450180397.88
603258.SH,20201231,1023947055.09,411883386.88,560489240.93
603258.SH,20210331,263191742.94,106528862.77,65978649.52
603258.SH,20210630,508187124.02,217953244.72,137288044.05
603258.SH,20210930,765324124.77,299281377.94,275725802.63
603258.SH,20211231,996290977.71,357208138.95,317963934.6
603258.SH,20220331,227013730.65,76239872.29,-2357876.91
603258.SH,20220630,433409948.8,150313694.43,42511773.08
603258.SH,20220930,617443872.06,200183027.89,112471677.29
603258.SH,20221231,790619648.99,207225530.06,140584726.3
603258.SH,20230331,155712041.3,45977602.75,38282642.5
603258.SH,20230630,318329513.9,87752730.28,83560387.59
603258.SH,20230930,505415670.44,113958814.3,152486167.31
603258.SH,20231231,677120191.5,55485039.92,217215731.2
603258.SH,20240331,137499053.47,45370723.81,2158576.87
603258.SH,20240630,272115160.61,60126527.48,26814001.12
603258.SH,20240930,412689566.03,74678566.3,112509231.41
603258.SH,20241231,550457644.53,29293061.2,115264503.81
603258.SH,20250331,102233732.21,1211219.5,-42215871.67
603258.SH,20250630,194052637.62,-11467189.77,-39502325.35
603258.SH,20250930,292699413.24,-33475266.46,-23082343.74
603444.SH,20200331,739794352.59,419338580.26,364392864.47
603444.SH,20200630,1409164747.82,722359598.71,797914998.48
603444.SH,20200930,2049590888.63,996348982.73,1061135179.11
603444.SH,20201231,2742292402.8,1331529756.88,1533014623.1
603444.SH,20210331,1117723072.88,443372066.37,327582010.07
603444.SH,20210630,2387252211.56,1052592892.34,1032036060.25
603444.SH,20210930,3485256009.13,1435454162.77,1731388588.48
603444.SH,20211231,4619046080.8,1752536449.93,2418288430.93
603444.SH,20220331,1229231606.63,453311674.38,327911346.27
603444.SH,20220630,2510553952.19,894058172.92,749913191.08
603444.SH,20220930,3830037371.13,1316100910.12,1292527494.26
603444.SH,20221231,5167615488.17,1959497678.34,1752393962.54
603444.SH,20230331,1144370036.56,380923845.71,245586232.47
603444.SH,20230630,2348924659.16,893743040.67,601649840.64
603444.SH,20230930,3306772093.7,1123657907.47,824559084.87
603444.SH,20231231,4184851388.03,1461092433.33,1185500983.67
603444.SH,20240331,927265003.93,298930831.37,230570533.67
603444.SH,20240630,1959649131.75,624675989.31,594283192.43
603444.SH,20240930,2818281672.62,818989387.82,827020127.94
603444.SH,20241231,3695682593.56,1178927357.69,1248636979.54
603444.SH,20250331,1135663700.45,379156191.23,212744617.25
603444.SH,20250630,2517901776.64,819786428.18,1076704887.66
603444.SH,20250930,4485778792.56,1507823743.75,1859020368.12
603533.SH,20200331,491237835.9,55794680.0,36327984.22
603533.SH,20200630,980200686.68,108936049.75,68965882.41
603533.SH,20200930,1495034254.71,156695198.59,246074403.89
603533.SH,20201231,2060658761.6,252741572.51,322901128.83
603533.SH,20210331,553989673.08,62944277.53,-28652389.5
603533.SH,20210630,1094323030.77,135429921.36,121191590.2
603533.SH,20210930,1596787501.1,151165133.83,130955872.29
603533.SH,20211231,2070784337.34,152342446.94,104116489.76
603533.SH,20220331,520405524.73,-15803123.18,45860159.47
603533.SH,20220630,1185290311.74,37402899.71,50028097.77
603533.SH,20220930,1863054898.75,36769313.66,2091284.78
603533.SH,20221231,2582417416.4,57712727.11,142103839.61
603533.SH,20230331,598143484.55,8261390.53,7458344.41
603533.SH,20230630,1267691545.26,38414169.73,123684417.45
603533.SH,20230930,1963392721.18,37171102.89,133654684.28
603533.SH,20231231,2778391268.14,37761945.76,338409256.8
603533.SH,20240331,678455776.21,-73236968.82,-149163329.1
603533.SH,20240630,1331857008.65,-46584506.22,-144069824.32
603533.SH,20240930,1913238044.8,-34524176.48,-121078896.34
603533.SH,20241231,2583300230.95,56287212.08,-75017023.96
603533.SH,20250331,643215084.83,-69394519.01,-38623308.81
603533.SH,20250630,1526069549.77,-153349379.38,-227179863.43
603533.SH,20250930,2461882496.48,-207509126.41,-300915769.46
